"","x","var","y"
"1",1,0.281787954390656,1.28178795439066
"2",2,1.60346349887473,3.60346349887473
"3",3,-0.343088026768323,2.65691197323168
"4",4,-0.494103428584383,3.50589657141562
"5",5,1.0666612082177,6.0666612082177
"6",6,0.271691017656857,6.27169101765686
"7",7,-0.328351111047079,6.67164888895292
"8",8,0.279918362073754,8.27991836207375
"9",9,-0.948434842397816,8.05156515760218
"10",10,-2.07014194719568,7.92985805280431
